"","variable","valid_records"
"1","return_durationdisplace","0"
"2","return_durationdisplace","0"
"3","reason_to_return_to_aoo.security_stable","0"
"4","reason_to_return_to_aoo.security_stable","0"
"5","reason_to_return_to_aoo.uxo","0"
"6","reason_to_return_to_aoo.uxo","0"
"7","reason_to_return_to_aoo.other_members_returned","0"
"8","reason_to_return_to_aoo.other_members_returned","0"
"9","reason_to_return_to_aoo.livelihood_availability_there","0"
"10","reason_to_return_to_aoo.livelihood_availability_there","0"
"11","reason_to_return_to_aoo.lack_security_women","0"
"12","reason_to_return_to_aoo.lack_security_women","0"
"13","reason_to_return_to_aoo.basic_services_availability","0"
"14","reason_to_return_to_aoo.basic_services_availability","0"
"15","reason_to_return_to_aoo.emotional_desire","0"
"16","reason_to_return_to_aoo.emotional_desire","0"
"17","reason_to_return_to_aoo.secure_house_land","0"
"18","reason_to_return_to_aoo.secure_house_land","0"
"19","reason_to_return_to_aoo.limited_livelihood_opportunities","0"
"20","reason_to_return_to_aoo.limited_livelihood_opportunities","0"
"21","reason_to_return_to_aoo.limited_services","0"
"22","reason_to_return_to_aoo.limited_services","0"
"23","reason_to_return_to_aoo.no_safe_in_area_of_displace","0"
"24","reason_to_return_to_aoo.no_safe_in_area_of_displace","0"
"25","reason_to_return_to_aoo.no_integrated_in_area_of_displace","0"
"26","reason_to_return_to_aoo.no_integrated_in_area_of_displace","0"
"27","reason_to_return_to_aoo.facing_eviction","0"
"28","reason_to_return_to_aoo.facing_eviction","0"
"29","reason_to_return_to_aoo.forced_security","0"
"30","reason_to_return_to_aoo.forced_security","0"
"31","reason_to_return_to_aoo.fam_released","0"
"32","reason_to_return_to_aoo.fam_released","0"
"33","why_not_return.fear_trauma","0"
"34","why_not_return.fear_trauma","0"
"35","why_not_return.lack_of_security_forces","0"
"36","why_not_return.lack_of_security_forces","0"
"37","why_not_return.presence_of_mines","0"
"38","why_not_return.presence_of_mines","0"
"39","why_not_return.desicrimination","0"
"40","why_not_return.desicrimination","0"
"41","why_not_return.lack_security_women","0"
"42","why_not_return.lack_security_women","0"
"43","why_not_return.lack_court","0"
"44","why_not_return.lack_court","0"
"45","why_not_return.movement_restrictions","0"
"46","why_not_return.movement_restrictions","0"
"47","why_not_return.no_personal_id","0"
"48","why_not_return.no_personal_id","0"
"49","why_not_return.no_transport_to_return","0"
"50","why_not_return.no_transport_to_return","0"
"51","why_not_return.no_financial_money_to_return","0"
"52","why_not_return.no_financial_money_to_return","0"
"53","why_not_return.lack_livelihood_generating_income","0"
"54","why_not_return.lack_livelihood_generating_income","0"
"55","why_not_return.house_damaged_destroyed","0"
"56","why_not_return.house_damaged_destroyed","0"
"57","why_not_return.house_land_occupied","0"
"58","why_not_return.house_land_occupied","0"
"59","why_not_return.hh_assets_stolen_damaged","0"
"60","why_not_return.hh_assets_stolen_damaged","0"
"61","why_not_return.local_markets_not_working","0"
"62","why_not_return.local_markets_not_working","0"
"63","why_not_return.basic_services_not_enough","0"
"64","why_not_return.basic_services_not_enough","0"
"65","why_not_return.lack_of_education_oppotunities","0"
"66","why_not_return.lack_of_education_oppotunities","0"
"67","why_not_return.immediate_family_wont_return","0"
"68","why_not_return.immediate_family_wont_return","0"
"69","why_not_return.health_conditions","0"
"70","why_not_return.health_conditions","0"
"71","why_not_return.children_enrolled_in_displacement","0"
"72","why_not_return.children_enrolled_in_displacement","0"
"73","why_not_return.living_conditions_better","0"
"74","why_not_return.living_conditions_better","0"
"75","why_not_return.do_not_know","0"
"76","why_not_return.do_not_know","0"
"77","why_not_return.decline_to_answer","0"
"78","why_not_return.decline_to_answer","0"
"79","ind_level","0"
"80","ind_level","0"
"81","ind_level","0"
"82","calc_note","0"
"83","calc_note","0"
"84","calc_note","0"
"85","tot_calc_note","0"
"86","tot_calc_note","0"
"87","tot_calc_note","0"
"88","ref_child","0"
"89","ref_child","0"
"90","ref_child","0"
"91","cereals_source_other","0"
"92","cereals_source_other","0"
"93","cereals_source_other","0"
"94","nuts_seed_source_other","0"
"95","nuts_seed_source_other","0"
"96","milk_dairy_source_other","0"
"97","milk_dairy_source_other","0"
"98","milk_dairy_source_other","0"
"99","vegetables_source_other","0"
"100","vegetables_source_other","0"
"101","vegetables_source_other","0"
"102","fruits_source_other","0"
"103","fruits_source_other","0"
"104","fruits_source_other","0"
"105","oil_fats_source_other","0"
"106","oil_fats_source_other","0"
"107","oil_fats_source_other","0"
"108","sweets_source_other","0"
"109","sweets_source_other","0"
"110","sweets_source_other","0"
"111","spices_condiments_source_other","0"
"112","spices_condiments_source_other","0"
"113","spices_condiments_source_other","0"
"114","livelihood_strategies","0"
"115","livelihood_strategies","0"
"116","livelihood_strategies","0"
"117","primary_health_provider_pregnant_other","0"
"118","primary_health_provider_pregnant_other","0"
"119","primary_health_provider_pregnant_other","0"
"120","use_of_soap_other","0"
"121","use_of_soap_other","0"
"122","use_of_soap_other","0"
"123","ref_evic","0"
"124","ref_evic","0"
"125","ref_evic","0"
"126","ref_mine","0"
"127","ref_mine","0"
"128","ref_mine","0"
"129","expenditure_note","0"
"130","expenditure_note","0"
"131","expenditure_note","0"
"132","inc_momd","0"
"133","income_note","0"
"134","income_note","0"
"135","income_note","0"
"136","thanks","0"
"137","thanks","0"
"138","thanks","0"
"139","X_validation_status","0"
"140","X_validation_status","0"
"141","X_validation_status","0"
"142","g73","0"
"143","g73","0"
"144","nuts_seed_source_other","1"
"145","employment_primary_barriers.increased_competition","1035"
"146","employment_primary_barriers.jobs_far","1035"
"147","employment_primary_barriers.only_low_available","1035"
"148","employment_primary_barriers.underqualified_for_jobs","1035"
"149","employment_primary_barriers.lack_of_connections","1035"
"150","employment_primary_barriers.none","1035"
"151","employment_primary_barriers.other","1035"
"152","g45_i","1035"
"153","g45_ii","1035"
"154","g45_iii","1035"
"155","g45_iv","1035"
"156","g45_v","1035"
"157","g45_vi","1035"
"158","a12_ad4","1036"
"159","a13_ad4","1036"
"160","g4_ad4","1036"
"161","inc_molsa","108"
"162","inc_other_safety","108"
"163","f7","1084"
"164","c3_ad2","11"
"165","c3_ad3","11"
"166","d10","110"
"167","inc_pension","113"
"168","treat_drink_water_why.not_clear","1172"
"169","treat_drink_water_why.tastes_unpleasant","1172"
"170","treat_drink_water_why.smells_unpleasant","1172"
"171","treat_drink_water_why.none","1172"
"172","employment_primary_barriers.increased_competition","120"
"173","employment_primary_barriers.jobs_far","120"
"174","employment_primary_barriers.only_low_available","120"
"175","employment_primary_barriers.underqualified_for_jobs","120"
"176","employment_primary_barriers.lack_of_connections","120"
"177","employment_primary_barriers.none","120"
"178","employment_primary_barriers.other","120"
"179","g45_i","120"
"180","g45_ii","120"
"181","g45_iii","120"
"182","g45_iv","120"
"183","g45_v","120"
"184","g45_vi","120"
"185","inc_other","127"
"186","birth_cert_missing_amount_u1","132"
"187","birth_cert_missing_amount_a1","132"
"188","g51a","132"
"189","treat_drink_water_why.not_clear","1331"
"190","treat_drink_water_why.tastes_unpleasant","1331"
"191","treat_drink_water_why.smells_unpleasant","1331"
"192","treat_drink_water_why.none","1331"
"193","a12_ad1","1344"
"194","a13_ad1","1344"
"195","g4_ad1","1344"
"196","a12_ad3","1421"
"197","a13_ad3","1421"
"198","g4_ad3","1421"
"199","birth_cert_missing_amount_u1","15"
"200","birth_cert_missing_amount_a1","15"
"201","child_distress_number","15"
"202","adult_distress_number","15"
"203","g51a","15"
"204","birth_cert_missing_amount_u1","150"
"205","birth_cert_missing_amount_a1","150"
"206","g51a","150"
"207","treat_drink_water_why.not_clear","160"
"208","treat_drink_water_why.tastes_unpleasant","160"
"209","treat_drink_water_why.smells_unpleasant","160"
"210","treat_drink_water_why.none","160"
"211","a12_ad2","1607"
"212","a13_ad2","1607"
"213","g4_ad2","1607"
"214","inc_other","162"
"215","hh_main_risks.lack_funds","173"
"216","hh_main_risks.no_longer_hosted","173"
"217","hh_main_risks.unaccepted_by_community","173"
"218","hh_main_risks.authorities_request","173"
"219","hh_main_risks.owner_request","173"
"220","hh_main_risks.no_agreement","173"
"221","hh_main_risks.inadequate","173"
"222","hh_main_risks.occupied","173"
"223","hh_main_risks.confiscation","173"
"224","hh_main_risks.dispute","173"
"225","hh_main_risks.other","173"
"226","g65_i","173"
"227","g65_ii","173"
"228","g65_iii","173"
"229","g65_iv","173"
"230","g65_v","173"
"231","g65_vi","173"
"232","g65_vii","173"
"233","g65_viii","173"
"234","g65_ix","173"
"235","g65_x","173"
"236","a12_ad4","1796"
"237","a13_ad4","1796"
"238","g4_ad4","1796"
"239","inc_molsa","18"
"240","inc_other_safety","18"
"241","f7","1831"
"242","health_barriers.no_issues","1868"
"243","health_barriers.cost","1868"
"244","health_barriers.unqualified_staff","1868"
"245","health_barriers.refused_treatment","1868"
"246","health_barriers.no_medicine","1868"
"247","health_barriers.not_inclusive","1868"
"248","health_barriers.no_offered_treatment","1868"
"249","health_barriers.civ_docs_problems","1868"
"250","health_barriers.no_referral_phc","1868"
"251","health_barriers.phc_closed","1868"
"252","health_barriers.distance_to_treatmentcenter","1868"
"253","health_barriers.not_access","1868"
"254","a12_ad2","188"
"255","a13_ad2","188"
"256","g4_ad2","188"
"257","d10","1882"
"258","inc_rent","19"
"259","inc_remittances","2"
"260","inc_momd","2"
"261","inc_momd","20"
"262","aid_not_satisfied.quality","202"
"263","aid_not_satisfied.quantity","202"
"264","aid_not_satisfied.delays","202"
"265","aid_not_satisfied.other","202"
"266","d7","202"
"267","a12_ad4","219"
"268","a13_ad4","219"
"269","g4_ad4","219"
"270","inc_rent","22"
"271","inc_molsa","225"
"272","inc_other_safety","226"
"273","inc_employment","2295"
"274","aid_type.cash","231"
"275","aid_type.food","231"
"276","aid_type.water","231"
"277","aid_type.fuel","231"
"278","aid_type.shelter","231"
"279","aid_type.seasonal_items","231"
"280","aid_type.healthcare","231"
"281","aid_type.other_nfi","231"
"282","aid_type.education","231"
"283","aid_type.protection","231"
"284","f7b","231"
"285","d5_i","231"
"286","d5_ii","231"
"287","d5_iii","231"
"288","d5_iv","231"
"289","d5_v","231"
"290","d5_vi","231"
"291","d5_vii","231"
"292","d5_viii","231"
"293","d5_ix","231"
"294","d5_x","231"
"295","d6","231"
"296","d12","231"
"297","c3_ad2","234"
"298","c3_ad3","234"
"299","aid_type.cash","24"
"300","aid_type.food","24"
"301","aid_type.water","24"
"302","aid_type.fuel","24"
"303","aid_type.shelter","24"
"304","aid_type.seasonal_items","24"
"305","aid_type.healthcare","24"
"306","aid_type.other_nfi","24"
"307","aid_type.education","24"
"308","aid_type.protection","24"
"309","f7b","24"
"310","d5_i","24"
"311","d5_ii","24"
"312","d5_iii","24"
"313","d5_iv","24"
"314","d5_v","24"
"315","d5_vi","24"
"316","d5_vii","24"
"317","d5_viii","24"
"318","d5_ix","24"
"319","d5_x","24"
"320","d6","24"
"321","d12","24"
"322","a12_ad1","2756"
"323","a13_ad1","2756"
"324","g4_ad1","2756"
"325","a12_ad3","2787"
"326","a13_ad3","2787"
"327","g4_ad3","2787"
"328","id_card_missing_amount","28"
"329","g51b","28"
"330","a12_ad1","285"
"331","a13_ad1","285"
"332","g4_ad1","285"
"333","g94","2916"
"334","a11","2923"
"335","refill_times","2938"
"336","people_share_tank","2965"
"337","tank_capacity","2996"
"338","inc_selling_assets","3"
"339","inc_other","3"
"340","a12_ad3","300"
"341","a13_ad3","300"
"342","g4_ad3","300"
"343","payment_exp_other","3042"
"344","treat_drink_water_how_other","3050"
"345","b3","306"
"346","restriction_type_other","3068"
"347","shelter_issues_other","3086"
"348","resons_not_attend_other","3092"
"349","info_provider_other","3097"
"350","hh_main_risks_other","3098"
"351","shelter_type_other","3099"
"352","info_aid_other","3101"
"353","meat_source_other","3102"
"354","employment_primary_barriers_other","3103"
"355","latrines_other","3103"
"356","use_of_soap.not","3103"
"357","use_of_soap.handwashing","3103"
"358","use_of_soap.bathing","3103"
"359","use_of_soap.laundry","3103"
"360","use_of_soap.dish_washing","3103"
"361","use_of_soap.other","3103"
"362","info_mode_other","3103"
"363","info_specific_needs_who_other","3103"
"364","reasons_not_attend","3104"
"365","ref_docs","3104"
"366","other_reasons_for_debt","3104"
"367","aid_not_satisfied","3104"
"368","aid_not_satisfied_other","3104"
"369","return_durationdisplace","3106"
"370","c11","3116"
"371","primary_livelihood_other","3117"
"372","shelter_better.protec_hazards","3165"
"373","shelter_better.improve_tenure","3165"
"374","shelter_better.improve_safety","3165"
"375","shelter_better.improve_privacy","3165"
"376","shelter_better.protect_climate","3165"
"377","shelter_better.improve_infrastructure","3165"
"378","shelter_better.improve_structure","3165"
"379","shelter_better.none","3165"
"380","shelter_better.other","3165"
"381","r89","3165"
"382","info_provider.friends_in_aoo","3171"
"383","info_provider.friends_visited_aoo","3171"
"384","info_provider.friends_not_been_in_aoo","3171"
"385","info_provider.local_authorities","3171"
"386","info_provider.national_authorities","3171"
"387","info_provider.ngo","3171"
"388","info_provider.religious","3171"
"389","info_provider.mukhtars","3171"
"390","info_provider.sector_leaders","3171"
"391","info_provider.schools","3171"
"392","info_provider.other","3171"
"393","d2_i","3171"
"394","d2_ii","3171"
"395","d2_iii","3171"
"396","d2_iv","3171"
"397","d2_v","3171"
"398","d2_vi","3171"
"399","d2_vii","3171"
"400","d2_viii","3171"
"401","d2_ix","3171"
"402","d2_x","3171"
"403","nfi_priority_needs_other","3172"
"404","drinking_water_source_other","3175"
"405","fes","3177"
"406","g14a","3177"
"407","shelter_better_other","3181"
"408","how_much_debt","3182"
"409","g37","3182"
"410","g100","3183"
"411","rent_exp","3185"
"412","aid_feedback_other","3185"
"413","electric_exp","3186"
"414","transportation_exp","3186"
"415","food_exp","3187"
"416","ngo_other","3189"
"417","num_hh_member","3189"
"418","water_exp","3189"
"419","adult_cloth_exp","3189"
"420","a7","3189"
"421","start","3190"
"422","end","3190"
"423","date_assessment","3190"
"424","deviceid","3190"
"425","ngo","3190"
"426","enumerator_num","3190"
"427","governorate_mcna","3190"
"428","cluster_location_id","3190"
"429","hhh","3190"
"430","will_to_response","3190"
"431","age_respondent","3190"
"432","gender_respondent","3190"
"433","consent","3190"
"434","displace_status","3190"
"435","displace_status_returnee","3190"
"436","displace_status_idp","3190"
"437","calc_idp","3190"
"438","calc_returnee","3190"
"439","calc_host","3190"
"440","calc_noteligible","3190"
"441","return_date_returnee","3190"
"442","displace_date_idp","3190"
"443","idp_first_place","3190"
"444","arrival_date_idp","3190"
"445","governorate_origin","3190"
"446","district_origin","3190"
"447","displaced_again","3190"
"448","movement_intentions","3190"
"449","movement_intentions_b","3190"
"450","movement_intentions_b12","3190"
"451","movement_intentions_ret","3190"
"452","movement_intentions12","3190"
"453","reason_to_return_to_aoo","3190"
"454","why_not_return","3190"
"455","num_family_member","3190"
"456","male_2_calc","3190"
"457","female_2_calc","3190"
"458","male_3_5_calc","3190"
"459","female_3_5_calc","3190"
"460","male_6_17_calc","3190"
"461","female_6_17_calc","3190"
"462","male_18_59_calc","3190"
"463","female_18_59_calc","3190"
"464","male_60_calc","3190"
"465","female_60_calc","3190"
"466","tot_child_012","3190"
"467","tot_child_1317","3190"
"468","tot_child","3190"
"469","tot_male","3190"
"470","tot_female","3190"
"471","tot_6_above","3190"
"472","calc_separated","3190"
"473","no_school_no_docs","3190"
"474","employment_primary_barriers","3190"
"475","hh_dispute","3190"
"476","property_damaged","3190"
"477","applied_compensation","3190"
"478","received_compensation","3190"
"479","previously_evicted","3190"
"480","own_land","3190"
"481","pds","3190"
"482","info_card","3190"
"483","death_certificate","3190"
"484","guardianship","3190"
"485","inheritance","3190"
"486","trusteeship","3190"
"487","passport_a18","3190"
"488","id_card_a18","3190"
"489","citizenship_a18","3190"
"490","birth_cert_a18","3190"
"491","school_cert_a18","3190"
"492","marriage_cert_a18","3190"
"493","divorce_cert_a18","3190"
"494","passport_u18","3190"
"495","id_card_u18","3190"
"496","citizenship_u18","3190"
"497","birth_cert_u18","3190"
"498","marriage_cert_u18","3190"
"499","divorce_cert_u18","3190"
"500","restriction_clearance","3190"
"501","restriction_documents","3190"
"502","restriction_time","3190"
"503","restriction_reason","3190"
"504","restriction_physical","3190"
"505","restriction_other","3190"
"506","unsafe_areas","3190"
"507","unsafe_areas.facilities","3190"
"508","unsafe_areas.markets","3190"
"509","unsafe_areas.distribution_areas","3190"
"510","unsafe_areas.water_points","3190"
"511","unsafe_areas.social_areas","3190"
"512","unsafe_areas.way_to_school","3190"
"513","unsafe_areas.way_to_centers","3190"
"514","unsafe_areas.do_not_know","3190"
"515","unsafe_areas.none","3190"
"516","family_separated","3190"
"517","family_separated_reunification","3190"
"518","voting_eligibility","3190"
"519","cereals","3190"
"520","nuts_seed","3190"
"521","milk_dairy","3190"
"522","meat","3190"
"523","vegetables","3190"
"524","fruits","3190"
"525","oil_fats","3190"
"526","sweets","3190"
"527","spices_condiments","3190"
"528","cereals_source","3190"
"529","nuts_seed_source","3190"
"530","milk_dairy_source","3190"
"531","meat_source","3190"
"532","vegetables_source","3190"
"533","fruits_source","3190"
"534","oil_fats_source","3190"
"535","sweets_source","3190"
"536","spices_condiments_source","3190"
"537","cheaper_quality","3190"
"538","borrowing","3190"
"539","reduce_meals","3190"
"540","less_food","3190"
"541","less_adult","3190"
"542","selling_assets","3190"
"543","borrow_debt","3190"
"544","selling_transportation_means","3190"
"545","child_dropout_school","3190"
"546","reduce_spending","3190"
"547","spending_savings","3190"
"548","change_place","3190"
"549","adult_risky","3190"
"550","child_work","3190"
"551","family_migrating","3190"
"552","child_forced_marriage","3190"
"553","distance_health_service","3190"
"554","distance_hospital","3190"
"555","hospital_emergency_ser","3190"
"556","hospital_maternity_ser","3190"
"557","hospital_surgical_ser","3190"
"558","hospital_pediatric_ser","3190"
"559","women_specialised_services","3190"
"560","hh_member_distress","3190"
"561","health_accessed","3190"
"562","health_barriers","3190"
"563","drinking_water_source","3190"
"564","drinking_water_source.network_private","3190"
"565","drinking_water_source.network_comm","3190"
"566","drinking_water_source.borehole","3190"
"567","drinking_water_source.prot_well","3190"
"568","drinking_water_source.prot_tank","3190"
"569","drinking_water_source.prot_spring","3190"
"570","drinking_water_source.bottled_water","3190"
"571","drinking_water_source.water_trucking","3190"
"572","drinking_water_source.illegal_connection","3190"
"573","drinking_water_source.unprot_tank","3190"
"574","drinking_water_source.unprot_well","3190"
"575","drinking_water_source.unprot_spring","3190"
"576","drinking_water_source.surface_water","3190"
"577","drinking_water_source.other","3190"
"578","access_private_shared_watertank","3190"
"579","treat_drink_water_how","3190"
"580","treat_drink_water_why","3190"
"581","latrines","3190"
"582","latrines.flush","3190"
"583","latrines.pit","3190"
"584","latrines.open","3190"
"585","latrines.vip_pit","3190"
"586","latrines.none","3190"
"587","latrines.other","3190"
"588","shared_sanitation","3190"
"589","access_hygiene_items","3190"
"590","use_of_soap","3190"
"591","shelter_type","3190"
"592","hh_hosted","3190"
"593","hh_risk_eviction","3190"
"594","hh_main_risks","3190"
"595","shelter_issues","3190"
"596","shelter_issues.none","3190"
"597","shelter_issues.uxo","3190"
"598","shelter_issues.flood_landslide","3190"
"599","shelter_issues.waste_dumping","3190"
"600","shelter_issues.fire","3190"
"601","shelter_issues.insicure_isolated","3190"
"602","shelter_issues.not_solid","3190"
"603","shelter_issues.no_fence","3190"
"604","shelter_issues.no_tenure","3190"
"605","shelter_issues.no_separated_rooms","3190"
"606","shelter_issues.no_space","3190"
"607","shelter_issues.low_high_ceilings","3190"
"608","shelter_issues.no_light","3190"
"609","shelter_issues.leaking","3190"
"610","shelter_issues.insulation","3190"
"611","shelter_issues.openings_walls","3190"
"612","shelter_issues.broken_windows","3190"
"613","shelter_issues.no_ventilation","3190"
"614","shelter_issues.no_electrical","3190"
"615","shelter_issues.missing_washing","3190"
"616","shelter_issues.missing_cooking","3190"
"617","shelter_issues.bends_structure","3190"
"618","shelter_issues.other","3190"
"619","nfi_priority_needs","3190"
"620","nfi_priority_needs.bedding_items","3190"
"621","nfi_priority_needs.mattresses_sleeping_mats","3190"
"622","nfi_priority_needs.blankets","3190"
"623","nfi_priority_needs.cooking_utensils_kitchen_set","3190"
"624","nfi_priority_needs.cooking_fuel","3190"
"625","nfi_priority_needs.cooking_stove","3190"
"626","nfi_priority_needs.water_storage","3190"
"627","nfi_priority_needs.source_of_light","3190"
"628","nfi_priority_needs.clothing","3190"
"629","nfi_priority_needs.fan","3190"
"630","nfi_priority_needs.awc","3190"
"631","nfi_priority_needs.cool_box","3190"
"632","nfi_priority_needs.winter_heaters","3190"
"633","nfi_priority_needs.heating_fuel","3190"
"634","nfi_priority_needs.fuel_storage","3190"
"635","nfi_priority_needs.none","3190"
"636","nfi_priority_needs.other","3190"
"637","shelter_better","3190"
"638","primary_school_place","3190"
"639","secondary_school_place","3190"
"640","education_level","3190"
"641","shelter_exp","3190"
"642","medical_exp","3190"
"643","education_exp","3190"
"644","child_cloth_exp","3190"
"645","nfi_exp","3190"
"646","communication_exp","3190"
"647","debt_exp","3190"
"648","productive_assets_exp","3190"
"649","other_payment_exp","3190"
"650","tot_expenditure","3190"
"651","primary_livelihood","3190"
"652","primary_livelihood.savings","3190"
"653","primary_livelihood.employment","3190"
"654","primary_livelihood.remittences","3190"
"655","primary_livelihood.retirement_pension","3190"
"656","primary_livelihood.renting","3190"
"657","primary_livelihood.selling_assets","3190"
"658","primary_livelihood.selling_assistance_received","3190"
"659","primary_livelihood.loans_debts","3190"
"660","primary_livelihood.modm_cash_assistance","3190"
"661","primary_livelihood.support_from_community","3190"
"662","primary_livelihood.ngo_charity_assistance","3190"
"663","primary_livelihood.social_service","3190"
"664","primary_livelihood.illegal_activity","3190"
"665","primary_livelihood.other","3190"
"666","tot_income","3190"
"667","employment_seasonal","3190"
"668","reasons_for_debt","3190"
"669","market_place","3190"
"670","info_aid","3190"
"671","info_aid.safety","3190"
"672","info_aid.housing","3190"
"673","info_aid.livelihoods","3190"
"674","info_aid.water","3190"
"675","info_aid.electricity","3190"
"676","info_aid.education","3190"
"677","info_aid.healthcare","3190"
"678","info_aid.aid","3190"
"679","info_aid.legal","3190"
"680","info_aid.property","3190"
"681","info_aid.uxo","3190"
"682","info_aid.documentation","3190"
"683","info_aid.none","3190"
"684","info_aid.other","3190"
"685","info_provider","3190"
"686","info_mode","3190"
"687","info_mode.direct_obs","3190"
"688","info_mode.face_cmmunic","3190"
"689","info_mode.television","3190"
"690","info_mode.telephone","3190"
"691","info_mode.mobile","3190"
"692","info_mode.facebook_app","3190"
"693","info_mode.facebook_messenger","3190"
"694","info_mode.whatsapp","3190"
"695","info_mode.viber","3190"
"696","info_mode.other_social","3190"
"697","info_mode.notice_board","3190"
"698","info_mode.newspapers","3190"
"699","info_mode.leaflet","3190"
"700","info_mode.loud_speakers","3190"
"701","info_mode.radio","3190"
"702","info_mode.other","3190"
"703","aid_received","3190"
"704","aid_type","3190"
"705","aid_satisfaction","3190"
"706","aid_workers_satisfied","3190"
"707","aid_workers_whyno","3190"
"708","aid_feedback","3190"
"709","aid_feedback.aid_worker_home","3190"
"710","aid_feedback.aid_worker_office","3190"
"711","aid_feedback.member_community","3190"
"712","aid_feedback.phone_call","3190"
"713","aid_feedback.sms","3190"
"714","aid_feedback.email","3190"
"715","aid_feedback.letter","3190"
"716","aid_feedback.social_media","3190"
"717","aid_feedback.suggestion_box","3190"
"718","aid_feedback.other","3190"
"719","community_decision_making","3190"
"720","complaint_mechanisms","3190"
"721","info_specific_needs","3190"
"722","info_specific_needs_who","3190"
"723","X__version__","3190"
"724","X_id","3190"
"725","X_uuid","3190"
"726","X_submission_time","3190"
"727","X_index","3190"
"728","district","3190"
"729","strata","3190"
"730","g68","3190"
"731","g51","3190"
"732","g51_sub","3190"
"733","g54","3190"
"734","g63","3190"
"735","g51_alt","3190"
"736","a8","3190"
"737","a9_male","3190"
"738","a9_female","3190"
"739","a10_child","3190"
"740","a10_adult","3190"
"741","a10_elderly","3190"
"742","a12","3190"
"743","g35","3190"
"744","c3","3190"
"745","c9","3190"
"746","g4","3190"
"747","g6","3190"
"748","a13","3190"
"749","g44","3190"
"750","g7_i","3190"
"751","g7_ii","3190"
"752","g7_iii","3190"
"753","g7_iv","3190"
"754","g7_v","3190"
"755","g7_vi","3190"
"756","g7_vii","3190"
"757","g7_viii","3190"
"758","g7_ix","3190"
"759","g7_x","3190"
"760","g7_xi","3190"
"761","g7_xii","3190"
"762","g7a","3190"
"763","fcs","3190"
"764","fcs_score","3190"
"765","cs_score","3190"
"766","cs_group","3190"
"767","cari","3190"
"768","g14","3190"
"769","b5","3190"
"770","b6","3190"
"771","b7","3190"
"772","g25","3190"
"773","g26","3190"
"774","g32","3190"
"775","g56","3190"
"776","g57","3190"
"777","g34_i","3190"
"778","g34_ii","3190"
"779","g34_iii","3190"
"780","g34_iv","3190"
"781","g34_v","3190"
"782","g34_vi","3190"
"783","g34_vii","3190"
"784","g34_viii","3190"
"785","g34_ix","3190"
"786","g34_x","3190"
"787","g34_xi","3190"
"788","g95","3190"
"789","g96","3190"
"790","g97","3190"
"791","g99","3190"
"792","a16","3190"
"793","a17","3190"
"794","g64","3190"
"795","g90_i","3190"
"796","g90_ii","3190"
"797","g90_iii","3190"
"798","g90_iv","3190"
"799","g90_v","3190"
"800","g90_vi","3190"
"801","g90_vii","3190"
"802","g90_viii","3190"
"803","g90_ix","3190"
"804","g90_x","3190"
"805","g90_xi","3190"
"806","g90_xii","3190"
"807","g90_xiii","3190"
"808","g90_xiv","3190"
"809","g90_xv","3190"
"810","g90_xvi","3190"
"811","g90_xvii","3190"
"812","g90_xviii","3190"
"813","g90_xix","3190"
"814","g90_xx","3190"
"815","g90_xxi","3190"
"816","g90_xxii","3190"
"817","r85","3190"
"818","g8","3190"
"819","b1","3190"
"820","b2","3190"
"821","g46","3190"
"822","g38","3190"
"823","g41","3190"
"824","f5","3190"
"825","f6","3190"
"826","f9","3190"
"827","f10","3190"
"828","d1_i","3190"
"829","d1_ii","3190"
"830","d1_iii","3190"
"831","d1_iv","3190"
"832","d1_v","3190"
"833","d1_vi","3190"
"834","d1_vii","3190"
"835","d1_viii","3190"
"836","d1_ix","3190"
"837","d1_x","3190"
"838","d1_xi","3190"
"839","d1_xii","3190"
"840","d1_xiii","3190"
"841","d3_i","3190"
"842","d3_ii","3190"
"843","d3_iii","3190"
"844","d3_iv","3190"
"845","d3_v","3190"
"846","d3_vi","3190"
"847","d3_vii","3190"
"848","d3_viii","3190"
"849","d3_ix","3190"
"850","d3_x","3190"
"851","d3_xi","3190"
"852","d3_xii","3190"
"853","d3_xiii","3190"
"854","d3_xiv","3190"
"855","d3_xv","3190"
"856","d4","3190"
"857","d13_i","3190"
"858","d13_ii","3190"
"859","d13_iii","3190"
"860","d13_iv","3190"
"861","d13_v","3190"
"862","d13_vi","3190"
"863","d13_vii","3190"
"864","d13_viii","3190"
"865","d13_ix","3190"
"866","d11","3190"
"867","d14_i","3190"
"868","d14_ii","3190"
"869","d14_iii","3190"
"870","d14_iv","3190"
"871","d14_v","3190"
"872","d14_vi","3190"
"873","d14_vii","3190"
"874","d14_viii","3190"
"875","d14_ix","3190"
"876","c3_ad1","3190"
"877","g56_ad1","3190"
"878","g51_ad1","3190"
"879","g51_ad2","3190"
"880","g51_ad3","3190"
"881","cluster_id","3190"
"882","weights","3190"
"883","health_barriers.no_issues","3229"
"884","health_barriers.cost","3229"
"885","health_barriers.unqualified_staff","3229"
"886","health_barriers.refused_treatment","3229"
"887","health_barriers.no_medicine","3229"
"888","health_barriers.not_inclusive","3229"
"889","health_barriers.no_offered_treatment","3229"
"890","health_barriers.civ_docs_problems","3229"
"891","health_barriers.no_referral_phc","3229"
"892","health_barriers.phc_closed","3229"
"893","health_barriers.distance_to_treatmentcenter","3229"
"894","health_barriers.not_access","3229"
"895","inc_remittances","34"
"896","inc_humaid","36"
"897","inc_pension","374"
"898","child_distress_number","375"
"899","adult_distress_number","375"
"900","child_distress_number","383"
"901","adult_distress_number","383"
"902","inc_remittances","39"
"903","inc_debt","395"
"904","reasons_not_attend.school_closed","415"
"905","reasons_not_attend.not_safe","415"
"906","reasons_not_attend.cannot_afford","415"
"907","reasons_not_attend.impossible_to_enrol","415"
"908","reasons_not_attend.cannot_go_physically","415"
"909","reasons_not_attend.overcrowded","415"
"910","reasons_not_attend.lack_of_staff","415"
"911","reasons_not_attend.poor_infrastructure","415"
"912","reasons_not_attend.curriculum","415"
"913","reasons_not_attend.children_working","415"
"914","reasons_not_attend.parental_refusal","415"
"915","reasons_not_attend.uninterested","415"
"916","reasons_not_attend.other","415"
"917","info_specific_needs_who.unaccompanied","415"
"918","info_specific_needs_who.health_condition","415"
"919","info_specific_needs_who.protection_need","415"
"920","info_specific_needs_who.single_women","415"
"921","info_specific_needs_who.fmhh","415"
"922","info_specific_needs_who.disabilities","415"
"923","info_specific_needs_who.mental_health","415"
"924","info_specific_needs_who.age","415"
"925","info_specific_needs_who.illeterate","415"
"926","info_specific_needs_who.other","415"
"927","hh_main_risks.lack_funds","422"
"928","hh_main_risks.no_longer_hosted","422"
"929","hh_main_risks.unaccepted_by_community","422"
"930","hh_main_risks.authorities_request","422"
"931","hh_main_risks.owner_request","422"
"932","hh_main_risks.no_agreement","422"
"933","hh_main_risks.inadequate","422"
"934","hh_main_risks.occupied","422"
"935","hh_main_risks.confiscation","422"
"936","hh_main_risks.dispute","422"
"937","hh_main_risks.other","422"
"938","g65_i","422"
"939","g65_ii","422"
"940","g65_iii","422"
"941","g65_iv","422"
"942","g65_v","422"
"943","g65_vi","422"
"944","g65_vii","422"
"945","g65_viii","422"
"946","g65_ix","422"
"947","g65_x","422"
"948","health_barriers.no_issues","439"
"949","health_barriers.cost","439"
"950","health_barriers.unqualified_staff","439"
"951","health_barriers.refused_treatment","439"
"952","health_barriers.no_medicine","439"
"953","health_barriers.not_inclusive","439"
"954","health_barriers.no_offered_treatment","439"
"955","health_barriers.civ_docs_problems","439"
"956","health_barriers.no_referral_phc","439"
"957","health_barriers.phc_closed","439"
"958","health_barriers.distance_to_treatmentcenter","439"
"959","health_barriers.not_access","439"
"960","reasons_not_attend.school_closed","44"
"961","reasons_not_attend.not_safe","44"
"962","reasons_not_attend.cannot_afford","44"
"963","reasons_not_attend.impossible_to_enrol","44"
"964","reasons_not_attend.cannot_go_physically","44"
"965","reasons_not_attend.overcrowded","44"
"966","reasons_not_attend.lack_of_staff","44"
"967","reasons_not_attend.poor_infrastructure","44"
"968","reasons_not_attend.curriculum","44"
"969","reasons_not_attend.children_working","44"
"970","reasons_not_attend.parental_refusal","44"
"971","reasons_not_attend.uninterested","44"
"972","reasons_not_attend.other","44"
"973","inc_employment","4859"
"974","inc_selling_assets","49"
"975","hh_main_risks.lack_funds","5"
"976","hh_main_risks.no_longer_hosted","5"
"977","hh_main_risks.unaccepted_by_community","5"
"978","hh_main_risks.authorities_request","5"
"979","hh_main_risks.owner_request","5"
"980","hh_main_risks.no_agreement","5"
"981","hh_main_risks.inadequate","5"
"982","hh_main_risks.occupied","5"
"983","hh_main_risks.confiscation","5"
"984","hh_main_risks.dispute","5"
"985","hh_main_risks.other","5"
"986","inc_humaid","5"
"987","aid_not_satisfied.quality","5"
"988","aid_not_satisfied.quantity","5"
"989","aid_not_satisfied.delays","5"
"990","aid_not_satisfied.other","5"
"991","g65_i","5"
"992","g65_ii","5"
"993","g65_iii","5"
"994","g65_iv","5"
"995","g65_v","5"
"996","g65_vi","5"
"997","g65_vii","5"
"998","g65_viii","5"
"999","g65_ix","5"
"1000","g65_x","5"
"1001","d7","5"
"1002","inc_debt","50"
"1003","why_not_return.fear_trauma","5005"
"1004","why_not_return.lack_of_security_forces","5005"
"1005","why_not_return.presence_of_mines","5005"
"1006","why_not_return.desicrimination","5005"
"1007","why_not_return.lack_security_women","5005"
"1008","why_not_return.lack_court","5005"
"1009","why_not_return.movement_restrictions","5005"
"1010","why_not_return.no_personal_id","5005"
"1011","why_not_return.no_transport_to_return","5005"
"1012","why_not_return.no_financial_money_to_return","5005"
"1013","why_not_return.lack_livelihood_generating_income","5005"
"1014","why_not_return.house_damaged_destroyed","5005"
"1015","why_not_return.house_land_occupied","5005"
"1016","why_not_return.hh_assets_stolen_damaged","5005"
"1017","why_not_return.local_markets_not_working","5005"
"1018","why_not_return.basic_services_not_enough","5005"
"1019","why_not_return.lack_of_education_oppotunities","5005"
"1020","why_not_return.immediate_family_wont_return","5005"
"1021","why_not_return.health_conditions","5005"
"1022","why_not_return.children_enrolled_in_displacement","5005"
"1023","why_not_return.living_conditions_better","5005"
"1024","why_not_return.do_not_know","5005"
"1025","why_not_return.decline_to_answer","5005"
"1026","g73","5005"
"1027","c2","505"
"1028","g94","5215"
"1029","refill_times","5243"
"1030","aid_not_satisfied.quality","53"
"1031","aid_not_satisfied.quantity","53"
"1032","aid_not_satisfied.delays","53"
"1033","aid_not_satisfied.other","53"
"1034","d7","53"
"1035","a11","5354"
"1036","people_share_tank","5403"
"1037","c2","55"
"1038","tank_capacity","5507"
"1039","treat_drink_water_how_other","5766"
"1040","c11","5774"
"1041","use_of_soap.not","5804"
"1042","use_of_soap.handwashing","5804"
"1043","use_of_soap.bathing","5804"
"1044","use_of_soap.laundry","5804"
"1045","use_of_soap.dish_washing","5804"
"1046","use_of_soap.other","5804"
"1047","drinking_water_source_other","5819"
"1048","payment_exp_other","5840"
"1049","shelter_better.protec_hazards","5846"
"1050","shelter_better.improve_tenure","5846"
"1051","shelter_better.improve_safety","5846"
"1052","shelter_better.improve_privacy","5846"
"1053","shelter_better.protect_climate","5846"
"1054","shelter_better.improve_infrastructure","5846"
"1055","shelter_better.improve_structure","5846"
"1056","shelter_better.none","5846"
"1057","shelter_better.other","5846"
"1058","r89","5846"
"1059","nfi_priority_needs_other","5848"
"1060","employment_primary_barriers_other","5852"
"1061","restriction_type_other","5855"
"1062","resons_not_attend_other","5856"
"1063","latrines_other","5862"
"1064","shelter_issues_other","5862"
"1065","hh_main_risks_other","5864"
"1066","info_provider_other","5865"
"1067","info_mode_other","5867"
"1068","info_specific_needs_who_other","5867"
"1069","info_aid_other","5868"
"1070","reasons_not_attend","5869"
"1071","ref_docs","5869"
"1072","meat_source_other","5869"
"1073","shelter_type_other","5869"
"1074","other_reasons_for_debt","5869"
"1075","aid_not_satisfied","5869"
"1076","aid_not_satisfied_other","5869"
"1077","primary_livelihood_other","5877"
"1078","info_provider.friends_in_aoo","5879"
"1079","info_provider.friends_visited_aoo","5879"
"1080","info_provider.friends_not_been_in_aoo","5879"
"1081","info_provider.local_authorities","5879"
"1082","info_provider.national_authorities","5879"
"1083","info_provider.ngo","5879"
"1084","info_provider.religious","5879"
"1085","info_provider.mukhtars","5879"
"1086","info_provider.sector_leaders","5879"
"1087","info_provider.schools","5879"
"1088","info_provider.other","5879"
"1089","d2_i","5879"
"1090","d2_ii","5879"
"1091","d2_iii","5879"
"1092","d2_iv","5879"
"1093","d2_v","5879"
"1094","d2_vi","5879"
"1095","d2_vii","5879"
"1096","d2_viii","5879"
"1097","d2_ix","5879"
"1098","d2_x","5879"
"1099","how_much_debt","5894"
"1100","g37","5894"
"1101","num_hh_member","5896"
"1102","rent_exp","5896"
"1103","a7","5896"
"1104","fes","5897"
"1105","g14a","5897"
"1106","aid_feedback_other","5898"
"1107","g100","5898"
"1108","shelter_better_other","5901"
"1109","water_exp","5901"
"1110","communication_exp","5901"
"1111","start","5902"
"1112","end","5902"
"1113","date_assessment","5902"
"1114","deviceid","5902"
"1115","ngo","5902"
"1116","ngo_other","5902"
"1117","enumerator_num","5902"
"1118","governorate_mcna","5902"
"1119","cluster_location_id","5902"
"1120","hhh","5902"
"1121","will_to_response","5902"
"1122","age_respondent","5902"
"1123","gender_respondent","5902"
"1124","consent","5902"
"1125","displace_status","5902"
"1126","displace_status_returnee","5902"
"1127","displace_status_idp","5902"
"1128","calc_idp","5902"
"1129","calc_returnee","5902"
"1130","calc_host","5902"
"1131","calc_noteligible","5902"
"1132","return_date_returnee","5902"
"1133","displace_date_idp","5902"
"1134","idp_first_place","5902"
"1135","arrival_date_idp","5902"
"1136","governorate_origin","5902"
"1137","district_origin","5902"
"1138","displaced_again","5902"
"1139","movement_intentions","5902"
"1140","movement_intentions_b","5902"
"1141","movement_intentions_b12","5902"
"1142","movement_intentions_ret","5902"
"1143","movement_intentions12","5902"
"1144","reason_to_return_to_aoo","5902"
"1145","why_not_return","5902"
"1146","num_family_member","5902"
"1147","male_2_calc","5902"
"1148","female_2_calc","5902"
"1149","male_3_5_calc","5902"
"1150","female_3_5_calc","5902"
"1151","male_6_17_calc","5902"
"1152","female_6_17_calc","5902"
"1153","male_18_59_calc","5902"
"1154","female_18_59_calc","5902"
"1155","male_60_calc","5902"
"1156","female_60_calc","5902"
"1157","tot_child_012","5902"
"1158","tot_child_1317","5902"
"1159","tot_child","5902"
"1160","tot_male","5902"
"1161","tot_female","5902"
"1162","tot_6_above","5902"
"1163","calc_separated","5902"
"1164","no_school_no_docs","5902"
"1165","employment_primary_barriers","5902"
"1166","hh_dispute","5902"
"1167","property_damaged","5902"
"1168","applied_compensation","5902"
"1169","received_compensation","5902"
"1170","previously_evicted","5902"
"1171","own_land","5902"
"1172","pds","5902"
"1173","info_card","5902"
"1174","death_certificate","5902"
"1175","guardianship","5902"
"1176","inheritance","5902"
"1177","trusteeship","5902"
"1178","passport_a18","5902"
"1179","id_card_a18","5902"
"1180","citizenship_a18","5902"
"1181","birth_cert_a18","5902"
"1182","school_cert_a18","5902"
"1183","marriage_cert_a18","5902"
"1184","divorce_cert_a18","5902"
"1185","passport_u18","5902"
"1186","id_card_u18","5902"
"1187","citizenship_u18","5902"
"1188","birth_cert_u18","5902"
"1189","marriage_cert_u18","5902"
"1190","divorce_cert_u18","5902"
"1191","restriction_clearance","5902"
"1192","restriction_documents","5902"
"1193","restriction_time","5902"
"1194","restriction_reason","5902"
"1195","restriction_physical","5902"
"1196","restriction_other","5902"
"1197","unsafe_areas","5902"
"1198","unsafe_areas.facilities","5902"
"1199","unsafe_areas.markets","5902"
"1200","unsafe_areas.distribution_areas","5902"
"1201","unsafe_areas.water_points","5902"
"1202","unsafe_areas.social_areas","5902"
"1203","unsafe_areas.way_to_school","5902"
"1204","unsafe_areas.way_to_centers","5902"
"1205","unsafe_areas.do_not_know","5902"
"1206","unsafe_areas.none","5902"
"1207","family_separated","5902"
"1208","family_separated_reunification","5902"
"1209","voting_eligibility","5902"
"1210","cereals","5902"
"1211","nuts_seed","5902"
"1212","milk_dairy","5902"
"1213","meat","5902"
"1214","vegetables","5902"
"1215","fruits","5902"
"1216","oil_fats","5902"
"1217","sweets","5902"
"1218","spices_condiments","5902"
"1219","cereals_source","5902"
"1220","nuts_seed_source","5902"
"1221","milk_dairy_source","5902"
"1222","meat_source","5902"
"1223","vegetables_source","5902"
"1224","fruits_source","5902"
"1225","oil_fats_source","5902"
"1226","sweets_source","5902"
"1227","spices_condiments_source","5902"
"1228","cheaper_quality","5902"
"1229","borrowing","5902"
"1230","reduce_meals","5902"
"1231","less_food","5902"
"1232","less_adult","5902"
"1233","selling_assets","5902"
"1234","borrow_debt","5902"
"1235","selling_transportation_means","5902"
"1236","child_dropout_school","5902"
"1237","reduce_spending","5902"
"1238","spending_savings","5902"
"1239","change_place","5902"
"1240","adult_risky","5902"
"1241","child_work","5902"
"1242","family_migrating","5902"
"1243","child_forced_marriage","5902"
"1244","distance_health_service","5902"
"1245","distance_hospital","5902"
"1246","hospital_emergency_ser","5902"
"1247","hospital_maternity_ser","5902"
"1248","hospital_surgical_ser","5902"
"1249","hospital_pediatric_ser","5902"
"1250","women_specialised_services","5902"
"1251","hh_member_distress","5902"
"1252","health_accessed","5902"
"1253","health_barriers","5902"
"1254","drinking_water_source","5902"
"1255","drinking_water_source.network_private","5902"
"1256","drinking_water_source.network_comm","5902"
"1257","drinking_water_source.borehole","5902"
"1258","drinking_water_source.prot_well","5902"
"1259","drinking_water_source.prot_tank","5902"
"1260","drinking_water_source.prot_spring","5902"
"1261","drinking_water_source.bottled_water","5902"
"1262","drinking_water_source.water_trucking","5902"
"1263","drinking_water_source.illegal_connection","5902"
"1264","drinking_water_source.unprot_tank","5902"
"1265","drinking_water_source.unprot_well","5902"
"1266","drinking_water_source.unprot_spring","5902"
"1267","drinking_water_source.surface_water","5902"
"1268","drinking_water_source.other","5902"
"1269","access_private_shared_watertank","5902"
"1270","treat_drink_water_how","5902"
"1271","treat_drink_water_why","5902"
"1272","latrines","5902"
"1273","latrines.flush","5902"
"1274","latrines.pit","5902"
"1275","latrines.open","5902"
"1276","latrines.vip_pit","5902"
"1277","latrines.none","5902"
"1278","latrines.other","5902"
"1279","shared_sanitation","5902"
"1280","access_hygiene_items","5902"
"1281","use_of_soap","5902"
"1282","shelter_type","5902"
"1283","hh_hosted","5902"
"1284","hh_risk_eviction","5902"
"1285","hh_main_risks","5902"
"1286","shelter_issues","5902"
"1287","shelter_issues.none","5902"
"1288","shelter_issues.uxo","5902"
"1289","shelter_issues.flood_landslide","5902"
"1290","shelter_issues.waste_dumping","5902"
"1291","shelter_issues.fire","5902"
"1292","shelter_issues.insicure_isolated","5902"
"1293","shelter_issues.not_solid","5902"
"1294","shelter_issues.no_fence","5902"
"1295","shelter_issues.no_tenure","5902"
"1296","shelter_issues.no_separated_rooms","5902"
"1297","shelter_issues.no_space","5902"
"1298","shelter_issues.low_high_ceilings","5902"
"1299","shelter_issues.no_light","5902"
"1300","shelter_issues.leaking","5902"
"1301","shelter_issues.insulation","5902"
"1302","shelter_issues.openings_walls","5902"
"1303","shelter_issues.broken_windows","5902"
"1304","shelter_issues.no_ventilation","5902"
"1305","shelter_issues.no_electrical","5902"
"1306","shelter_issues.missing_washing","5902"
"1307","shelter_issues.missing_cooking","5902"
"1308","shelter_issues.bends_structure","5902"
"1309","shelter_issues.other","5902"
"1310","nfi_priority_needs","5902"
"1311","nfi_priority_needs.bedding_items","5902"
"1312","nfi_priority_needs.mattresses_sleeping_mats","5902"
"1313","nfi_priority_needs.blankets","5902"
"1314","nfi_priority_needs.cooking_utensils_kitchen_set","5902"
"1315","nfi_priority_needs.cooking_fuel","5902"
"1316","nfi_priority_needs.cooking_stove","5902"
"1317","nfi_priority_needs.water_storage","5902"
"1318","nfi_priority_needs.source_of_light","5902"
"1319","nfi_priority_needs.clothing","5902"
"1320","nfi_priority_needs.fan","5902"
"1321","nfi_priority_needs.awc","5902"
"1322","nfi_priority_needs.cool_box","5902"
"1323","nfi_priority_needs.winter_heaters","5902"
"1324","nfi_priority_needs.heating_fuel","5902"
"1325","nfi_priority_needs.fuel_storage","5902"
"1326","nfi_priority_needs.none","5902"
"1327","nfi_priority_needs.other","5902"
"1328","shelter_better","5902"
"1329","primary_school_place","5902"
"1330","secondary_school_place","5902"
"1331","education_level","5902"
"1332","shelter_exp","5902"
"1333","food_exp","5902"
"1334","electric_exp","5902"
"1335","medical_exp","5902"
"1336","education_exp","5902"
"1337","adult_cloth_exp","5902"
"1338","child_cloth_exp","5902"
"1339","nfi_exp","5902"
"1340","transportation_exp","5902"
"1341","debt_exp","5902"
"1342","productive_assets_exp","5902"
"1343","other_payment_exp","5902"
"1344","tot_expenditure","5902"
"1345","primary_livelihood","5902"
"1346","primary_livelihood.savings","5902"
"1347","primary_livelihood.employment","5902"
"1348","primary_livelihood.remittences","5902"
"1349","primary_livelihood.retirement_pension","5902"
"1350","primary_livelihood.renting","5902"
"1351","primary_livelihood.selling_assets","5902"
"1352","primary_livelihood.selling_assistance_received","5902"
"1353","primary_livelihood.loans_debts","5902"
"1354","primary_livelihood.modm_cash_assistance","5902"
"1355","primary_livelihood.support_from_community","5902"
"1356","primary_livelihood.ngo_charity_assistance","5902"
"1357","primary_livelihood.social_service","5902"
"1358","primary_livelihood.illegal_activity","5902"
"1359","primary_livelihood.other","5902"
"1360","tot_income","5902"
"1361","employment_seasonal","5902"
"1362","reasons_for_debt","5902"
"1363","market_place","5902"
"1364","info_aid","5902"
"1365","info_aid.safety","5902"
"1366","info_aid.housing","5902"
"1367","info_aid.livelihoods","5902"
"1368","info_aid.water","5902"
"1369","info_aid.electricity","5902"
"1370","info_aid.education","5902"
"1371","info_aid.healthcare","5902"
"1372","info_aid.aid","5902"
"1373","info_aid.legal","5902"
"1374","info_aid.property","5902"
"1375","info_aid.uxo","5902"
"1376","info_aid.documentation","5902"
"1377","info_aid.none","5902"
"1378","info_aid.other","5902"
"1379","info_provider","5902"
"1380","info_mode","5902"
"1381","info_mode.direct_obs","5902"
"1382","info_mode.face_cmmunic","5902"
"1383","info_mode.television","5902"
"1384","info_mode.telephone","5902"
"1385","info_mode.mobile","5902"
"1386","info_mode.facebook_app","5902"
"1387","info_mode.facebook_messenger","5902"
"1388","info_mode.whatsapp","5902"
"1389","info_mode.viber","5902"
"1390","info_mode.other_social","5902"
"1391","info_mode.notice_board","5902"
"1392","info_mode.newspapers","5902"
"1393","info_mode.leaflet","5902"
"1394","info_mode.loud_speakers","5902"
"1395","info_mode.radio","5902"
"1396","info_mode.other","5902"
"1397","aid_received","5902"
"1398","aid_type","5902"
"1399","aid_satisfaction","5902"
"1400","aid_workers_satisfied","5902"
"1401","aid_workers_whyno","5902"
"1402","aid_feedback","5902"
"1403","aid_feedback.aid_worker_home","5902"
"1404","aid_feedback.aid_worker_office","5902"
"1405","aid_feedback.member_community","5902"
"1406","aid_feedback.phone_call","5902"
"1407","aid_feedback.sms","5902"
"1408","aid_feedback.email","5902"
"1409","aid_feedback.letter","5902"
"1410","aid_feedback.social_media","5902"
"1411","aid_feedback.suggestion_box","5902"
"1412","aid_feedback.other","5902"
"1413","community_decision_making","5902"
"1414","complaint_mechanisms","5902"
"1415","info_specific_needs","5902"
"1416","info_specific_needs_who","5902"
"1417","X__version__","5902"
"1418","X_id","5902"
"1419","X_uuid","5902"
"1420","X_submission_time","5902"
"1421","X_index","5902"
"1422","district","5902"
"1423","strata","5902"
"1424","g68","5902"
"1425","g51","5902"
"1426","g51_sub","5902"
"1427","g54","5902"
"1428","g63","5902"
"1429","g51_alt","5902"
"1430","a8","5902"
"1431","a9_male","5902"
"1432","a9_female","5902"
"1433","a10_child","5902"
"1434","a10_adult","5902"
"1435","a10_elderly","5902"
"1436","a12","5902"
"1437","g35","5902"
"1438","c3","5902"
"1439","c9","5902"
"1440","g4","5902"
"1441","g6","5902"
"1442","a13","5902"
"1443","g44","5902"
"1444","g7_i","5902"
"1445","g7_ii","5902"
"1446","g7_iii","5902"
"1447","g7_iv","5902"
"1448","g7_v","5902"
"1449","g7_vi","5902"
"1450","g7_vii","5902"
"1451","g7_viii","5902"
"1452","g7_ix","5902"
"1453","g7_x","5902"
"1454","g7_xi","5902"
"1455","g7_xii","5902"
"1456","g7a","5902"
"1457","fcs","5902"
"1458","fcs_score","5902"
"1459","cs_score","5902"
"1460","cs_group","5902"
"1461","cari","5902"
"1462","g14","5902"
"1463","b5","5902"
"1464","b6","5902"
"1465","b7","5902"
"1466","g25","5902"
"1467","g26","5902"
"1468","g32","5902"
"1469","g56","5902"
"1470","g57","5902"
"1471","g34_i","5902"
"1472","g34_ii","5902"
"1473","g34_iii","5902"
"1474","g34_iv","5902"
"1475","g34_v","5902"
"1476","g34_vi","5902"
"1477","g34_vii","5902"
"1478","g34_viii","5902"
"1479","g34_ix","5902"
"1480","g34_x","5902"
"1481","g34_xi","5902"
"1482","g95","5902"
"1483","g96","5902"
"1484","g97","5902"
"1485","g99","5902"
"1486","a16","5902"
"1487","a17","5902"
"1488","g64","5902"
"1489","g90_i","5902"
"1490","g90_ii","5902"
"1491","g90_iii","5902"
"1492","g90_iv","5902"
"1493","g90_v","5902"
"1494","g90_vi","5902"
"1495","g90_vii","5902"
"1496","g90_viii","5902"
"1497","g90_ix","5902"
"1498","g90_x","5902"
"1499","g90_xi","5902"
"1500","g90_xii","5902"
"1501","g90_xiii","5902"
"1502","g90_xiv","5902"
"1503","g90_xv","5902"
"1504","g90_xvi","5902"
"1505","g90_xvii","5902"
"1506","g90_xviii","5902"
"1507","g90_xix","5902"
"1508","g90_xx","5902"
"1509","g90_xxi","5902"
"1510","g90_xxii","5902"
"1511","r85","5902"
"1512","g8","5902"
"1513","b1","5902"
"1514","b2","5902"
"1515","g46","5902"
"1516","g38","5902"
"1517","g41","5902"
"1518","f5","5902"
"1519","f6","5902"
"1520","f9","5902"
"1521","f10","5902"
"1522","d1_i","5902"
"1523","d1_ii","5902"
"1524","d1_iii","5902"
"1525","d1_iv","5902"
"1526","d1_v","5902"
"1527","d1_vi","5902"
"1528","d1_vii","5902"
"1529","d1_viii","5902"
"1530","d1_ix","5902"
"1531","d1_x","5902"
"1532","d1_xi","5902"
"1533","d1_xii","5902"
"1534","d1_xiii","5902"
"1535","d3_i","5902"
"1536","d3_ii","5902"
"1537","d3_iii","5902"
"1538","d3_iv","5902"
"1539","d3_v","5902"
"1540","d3_vi","5902"
"1541","d3_vii","5902"
"1542","d3_viii","5902"
"1543","d3_ix","5902"
"1544","d3_x","5902"
"1545","d3_xi","5902"
"1546","d3_xii","5902"
"1547","d3_xiii","5902"
"1548","d3_xiv","5902"
"1549","d3_xv","5902"
"1550","d4","5902"
"1551","d13_i","5902"
"1552","d13_ii","5902"
"1553","d13_iii","5902"
"1554","d13_iv","5902"
"1555","d13_v","5902"
"1556","d13_vi","5902"
"1557","d13_vii","5902"
"1558","d13_viii","5902"
"1559","d13_ix","5902"
"1560","d11","5902"
"1561","d14_i","5902"
"1562","d14_ii","5902"
"1563","d14_iii","5902"
"1564","d14_iv","5902"
"1565","d14_v","5902"
"1566","d14_vi","5902"
"1567","d14_vii","5902"
"1568","d14_viii","5902"
"1569","d14_ix","5902"
"1570","c3_ad1","5902"
"1571","g56_ad1","5902"
"1572","g51_ad1","5902"
"1573","g51_ad2","5902"
"1574","g51_ad3","5902"
"1575","cluster_id","5902"
"1576","weights","5902"
"1577","inc_employment","603"
"1578","info_specific_needs_who.unaccompanied","606"
"1579","info_specific_needs_who.health_condition","606"
"1580","info_specific_needs_who.protection_need","606"
"1581","info_specific_needs_who.single_women","606"
"1582","info_specific_needs_who.fmhh","606"
"1583","info_specific_needs_who.disabilities","606"
"1584","info_specific_needs_who.mental_health","606"
"1585","info_specific_needs_who.age","606"
"1586","info_specific_needs_who.illeterate","606"
"1587","info_specific_needs_who.other","606"
"1588","a11","615"
"1589","b3","616"
"1590","inc_selling_assets","62"
"1591","info_specific_needs_who.unaccompanied","63"
"1592","info_specific_needs_who.health_condition","63"
"1593","info_specific_needs_who.protection_need","63"
"1594","info_specific_needs_who.single_women","63"
"1595","info_specific_needs_who.fmhh","63"
"1596","info_specific_needs_who.disabilities","63"
"1597","info_specific_needs_who.mental_health","63"
"1598","info_specific_needs_who.age","63"
"1599","info_specific_needs_who.illeterate","63"
"1600","info_specific_needs_who.other","63"
"1601","inc_pension","635"
"1602","c11","659"
"1603","refill_times","660"
"1604","g94","660"
"1605","people_share_tank","671"
"1606","tank_capacity","686"
"1607","shelter_better.protec_hazards","693"
"1608","shelter_better.improve_tenure","693"
"1609","shelter_better.improve_safety","693"
"1610","shelter_better.improve_privacy","693"
"1611","shelter_better.protect_climate","693"
"1612","shelter_better.improve_infrastructure","693"
"1613","shelter_better.improve_structure","693"
"1614","shelter_better.none","693"
"1615","shelter_better.other","693"
"1616","r89","693"
"1617","inc_rent","7"
"1618","use_of_soap.not","704"
"1619","use_of_soap.handwashing","704"
"1620","use_of_soap.bathing","704"
"1621","use_of_soap.laundry","704"
"1622","use_of_soap.dish_washing","704"
"1623","use_of_soap.other","704"
"1624","info_provider.friends_in_aoo","704"
"1625","info_provider.friends_visited_aoo","704"
"1626","info_provider.friends_not_been_in_aoo","704"
"1627","info_provider.local_authorities","704"
"1628","info_provider.national_authorities","704"
"1629","info_provider.ngo","704"
"1630","info_provider.religious","704"
"1631","info_provider.mukhtars","704"
"1632","info_provider.sector_leaders","704"
"1633","info_provider.schools","704"
"1634","info_provider.other","704"
"1635","d2_i","704"
"1636","d2_ii","704"
"1637","d2_iii","704"
"1638","d2_iv","704"
"1639","d2_v","704"
"1640","d2_vi","704"
"1641","d2_vii","704"
"1642","d2_viii","704"
"1643","d2_ix","704"
"1644","d2_x","704"
"1645","id_card_missing_amount","705"
"1646","g51b","705"
"1647","c2","705"
"1648","num_hh_member","709"
"1649","a7","709"
"1650","fes","709"
"1651","g14a","709"
"1652","food_exp","710"
"1653","transportation_exp","710"
"1654","g100","710"
"1655","start","711"
"1656","end","711"
"1657","date_assessment","711"
"1658","deviceid","711"
"1659","ngo","711"
"1660","ngo_other","711"
"1661","enumerator_num","711"
"1662","governorate_mcna","711"
"1663","cluster_location_id","711"
"1664","hhh","711"
"1665","will_to_response","711"
"1666","age_respondent","711"
"1667","gender_respondent","711"
"1668","consent","711"
"1669","displace_status","711"
"1670","displace_status_returnee","711"
"1671","displace_status_idp","711"
"1672","calc_idp","711"
"1673","calc_returnee","711"
"1674","calc_host","711"
"1675","calc_noteligible","711"
"1676","return_date_returnee","711"
"1677","displace_date_idp","711"
"1678","idp_first_place","711"
"1679","arrival_date_idp","711"
"1680","governorate_origin","711"
"1681","district_origin","711"
"1682","displaced_again","711"
"1683","movement_intentions","711"
"1684","movement_intentions_b","711"
"1685","movement_intentions_b12","711"
"1686","movement_intentions_ret","711"
"1687","movement_intentions12","711"
"1688","reason_to_return_to_aoo","711"
"1689","why_not_return","711"
"1690","num_family_member","711"
"1691","male_2_calc","711"
"1692","female_2_calc","711"
"1693","male_3_5_calc","711"
"1694","female_3_5_calc","711"
"1695","male_6_17_calc","711"
"1696","female_6_17_calc","711"
"1697","male_18_59_calc","711"
"1698","female_18_59_calc","711"
"1699","male_60_calc","711"
"1700","female_60_calc","711"
"1701","tot_child_012","711"
"1702","tot_child_1317","711"
"1703","tot_child","711"
"1704","tot_male","711"
"1705","tot_female","711"
"1706","tot_6_above","711"
"1707","calc_separated","711"
"1708","reasons_not_attend","711"
"1709","no_school_no_docs","711"
"1710","resons_not_attend_other","711"
"1711","employment_primary_barriers","711"
"1712","employment_primary_barriers_other","711"
"1713","hh_dispute","711"
"1714","property_damaged","711"
"1715","applied_compensation","711"
"1716","received_compensation","711"
"1717","previously_evicted","711"
"1718","own_land","711"
"1719","pds","711"
"1720","info_card","711"
"1721","death_certificate","711"
"1722","guardianship","711"
"1723","inheritance","711"
"1724","trusteeship","711"
"1725","passport_a18","711"
"1726","id_card_a18","711"
"1727","citizenship_a18","711"
"1728","birth_cert_a18","711"
"1729","school_cert_a18","711"
"1730","marriage_cert_a18","711"
"1731","divorce_cert_a18","711"
"1732","passport_u18","711"
"1733","id_card_u18","711"
"1734","citizenship_u18","711"
"1735","birth_cert_u18","711"
"1736","marriage_cert_u18","711"
"1737","divorce_cert_u18","711"
"1738","ref_docs","711"
"1739","restriction_clearance","711"
"1740","restriction_documents","711"
"1741","restriction_time","711"
"1742","restriction_reason","711"
"1743","restriction_physical","711"
"1744","restriction_other","711"
"1745","restriction_type_other","711"
"1746","unsafe_areas","711"
"1747","unsafe_areas.facilities","711"
"1748","unsafe_areas.markets","711"
"1749","unsafe_areas.distribution_areas","711"
"1750","unsafe_areas.water_points","711"
"1751","unsafe_areas.social_areas","711"
"1752","unsafe_areas.way_to_school","711"
"1753","unsafe_areas.way_to_centers","711"
"1754","unsafe_areas.do_not_know","711"
"1755","unsafe_areas.none","711"
"1756","family_separated","711"
"1757","family_separated_reunification","711"
"1758","voting_eligibility","711"
"1759","cereals","711"
"1760","nuts_seed","711"
"1761","milk_dairy","711"
"1762","meat","711"
"1763","vegetables","711"
"1764","fruits","711"
"1765","oil_fats","711"
"1766","sweets","711"
"1767","spices_condiments","711"
"1768","cereals_source","711"
"1769","nuts_seed_source","711"
"1770","milk_dairy_source","711"
"1771","meat_source","711"
"1772","vegetables_source","711"
"1773","fruits_source","711"
"1774","oil_fats_source","711"
"1775","sweets_source","711"
"1776","spices_condiments_source","711"
"1777","meat_source_other","711"
"1778","cheaper_quality","711"
"1779","borrowing","711"
"1780","reduce_meals","711"
"1781","less_food","711"
"1782","less_adult","711"
"1783","selling_assets","711"
"1784","borrow_debt","711"
"1785","selling_transportation_means","711"
"1786","child_dropout_school","711"
"1787","reduce_spending","711"
"1788","spending_savings","711"
"1789","change_place","711"
"1790","adult_risky","711"
"1791","child_work","711"
"1792","family_migrating","711"
"1793","child_forced_marriage","711"
"1794","distance_health_service","711"
"1795","distance_hospital","711"
"1796","hospital_emergency_ser","711"
"1797","hospital_maternity_ser","711"
"1798","hospital_surgical_ser","711"
"1799","hospital_pediatric_ser","711"
"1800","women_specialised_services","711"
"1801","hh_member_distress","711"
"1802","health_accessed","711"
"1803","health_barriers","711"
"1804","drinking_water_source","711"
"1805","drinking_water_source.network_private","711"
"1806","drinking_water_source.network_comm","711"
"1807","drinking_water_source.borehole","711"
"1808","drinking_water_source.prot_well","711"
"1809","drinking_water_source.prot_tank","711"
"1810","drinking_water_source.prot_spring","711"
"1811","drinking_water_source.bottled_water","711"
"1812","drinking_water_source.water_trucking","711"
"1813","drinking_water_source.illegal_connection","711"
"1814","drinking_water_source.unprot_tank","711"
"1815","drinking_water_source.unprot_well","711"
"1816","drinking_water_source.unprot_spring","711"
"1817","drinking_water_source.surface_water","711"
"1818","drinking_water_source.other","711"
"1819","drinking_water_source_other","711"
"1820","access_private_shared_watertank","711"
"1821","treat_drink_water_how","711"
"1822","treat_drink_water_how_other","711"
"1823","treat_drink_water_why","711"
"1824","latrines","711"
"1825","latrines.flush","711"
"1826","latrines.pit","711"
"1827","latrines.open","711"
"1828","latrines.vip_pit","711"
"1829","latrines.none","711"
"1830","latrines.other","711"
"1831","latrines_other","711"
"1832","shared_sanitation","711"
"1833","access_hygiene_items","711"
"1834","use_of_soap","711"
"1835","shelter_type","711"
"1836","shelter_type_other","711"
"1837","hh_hosted","711"
"1838","hh_risk_eviction","711"
"1839","hh_main_risks","711"
"1840","hh_main_risks_other","711"
"1841","shelter_issues","711"
"1842","shelter_issues.none","711"
"1843","shelter_issues.uxo","711"
"1844","shelter_issues.flood_landslide","711"
"1845","shelter_issues.waste_dumping","711"
"1846","shelter_issues.fire","711"
"1847","shelter_issues.insicure_isolated","711"
"1848","shelter_issues.not_solid","711"
"1849","shelter_issues.no_fence","711"
"1850","shelter_issues.no_tenure","711"
"1851","shelter_issues.no_separated_rooms","711"
"1852","shelter_issues.no_space","711"
"1853","shelter_issues.low_high_ceilings","711"
"1854","shelter_issues.no_light","711"
"1855","shelter_issues.leaking","711"
"1856","shelter_issues.insulation","711"
"1857","shelter_issues.openings_walls","711"
"1858","shelter_issues.broken_windows","711"
"1859","shelter_issues.no_ventilation","711"
"1860","shelter_issues.no_electrical","711"
"1861","shelter_issues.missing_washing","711"
"1862","shelter_issues.missing_cooking","711"
"1863","shelter_issues.bends_structure","711"
"1864","shelter_issues.other","711"
"1865","shelter_issues_other","711"
"1866","nfi_priority_needs","711"
"1867","nfi_priority_needs.bedding_items","711"
"1868","nfi_priority_needs.mattresses_sleeping_mats","711"
"1869","nfi_priority_needs.blankets","711"
"1870","nfi_priority_needs.cooking_utensils_kitchen_set","711"
"1871","nfi_priority_needs.cooking_fuel","711"
"1872","nfi_priority_needs.cooking_stove","711"
"1873","nfi_priority_needs.water_storage","711"
"1874","nfi_priority_needs.source_of_light","711"
"1875","nfi_priority_needs.clothing","711"
"1876","nfi_priority_needs.fan","711"
"1877","nfi_priority_needs.awc","711"
"1878","nfi_priority_needs.cool_box","711"
"1879","nfi_priority_needs.winter_heaters","711"
"1880","nfi_priority_needs.heating_fuel","711"
"1881","nfi_priority_needs.fuel_storage","711"
"1882","nfi_priority_needs.none","711"
"1883","nfi_priority_needs.other","711"
"1884","nfi_priority_needs_other","711"
"1885","shelter_better","711"
"1886","shelter_better_other","711"
"1887","primary_school_place","711"
"1888","secondary_school_place","711"
"1889","education_level","711"
"1890","rent_exp","711"
"1891","shelter_exp","711"
"1892","electric_exp","711"
"1893","medical_exp","711"
"1894","education_exp","711"
"1895","water_exp","711"
"1896","adult_cloth_exp","711"
"1897","child_cloth_exp","711"
"1898","nfi_exp","711"
"1899","communication_exp","711"
"1900","debt_exp","711"
"1901","productive_assets_exp","711"
"1902","other_payment_exp","711"
"1903","tot_expenditure","711"
"1904","payment_exp_other","711"
"1905","primary_livelihood","711"
"1906","primary_livelihood.savings","711"
"1907","primary_livelihood.employment","711"
"1908","primary_livelihood.remittences","711"
"1909","primary_livelihood.retirement_pension","711"
"1910","primary_livelihood.renting","711"
"1911","primary_livelihood.selling_assets","711"
"1912","primary_livelihood.selling_assistance_received","711"
"1913","primary_livelihood.loans_debts","711"
"1914","primary_livelihood.modm_cash_assistance","711"
"1915","primary_livelihood.support_from_community","711"
"1916","primary_livelihood.ngo_charity_assistance","711"
"1917","primary_livelihood.social_service","711"
"1918","primary_livelihood.illegal_activity","711"
"1919","primary_livelihood.other","711"
"1920","primary_livelihood_other","711"
"1921","tot_income","711"
"1922","employment_seasonal","711"
"1923","how_much_debt","711"
"1924","reasons_for_debt","711"
"1925","other_reasons_for_debt","711"
"1926","market_place","711"
"1927","info_aid","711"
"1928","info_aid.safety","711"
"1929","info_aid.housing","711"
"1930","info_aid.livelihoods","711"
"1931","info_aid.water","711"
"1932","info_aid.electricity","711"
"1933","info_aid.education","711"
"1934","info_aid.healthcare","711"
"1935","info_aid.aid","711"
"1936","info_aid.legal","711"
"1937","info_aid.property","711"
"1938","info_aid.uxo","711"
"1939","info_aid.documentation","711"
"1940","info_aid.none","711"
"1941","info_aid.other","711"
"1942","info_aid_other","711"
"1943","info_provider","711"
"1944","info_provider_other","711"
"1945","info_mode","711"
"1946","info_mode.direct_obs","711"
"1947","info_mode.face_cmmunic","711"
"1948","info_mode.television","711"
"1949","info_mode.telephone","711"
"1950","info_mode.mobile","711"
"1951","info_mode.facebook_app","711"
"1952","info_mode.facebook_messenger","711"
"1953","info_mode.whatsapp","711"
"1954","info_mode.viber","711"
"1955","info_mode.other_social","711"
"1956","info_mode.notice_board","711"
"1957","info_mode.newspapers","711"
"1958","info_mode.leaflet","711"
"1959","info_mode.loud_speakers","711"
"1960","info_mode.radio","711"
"1961","info_mode.other","711"
"1962","info_mode_other","711"
"1963","aid_received","711"
"1964","aid_type","711"
"1965","aid_satisfaction","711"
"1966","aid_not_satisfied","711"
"1967","aid_not_satisfied_other","711"
"1968","aid_workers_satisfied","711"
"1969","aid_workers_whyno","711"
"1970","aid_feedback","711"
"1971","aid_feedback.aid_worker_home","711"
"1972","aid_feedback.aid_worker_office","711"
"1973","aid_feedback.member_community","711"
"1974","aid_feedback.phone_call","711"
"1975","aid_feedback.sms","711"
"1976","aid_feedback.email","711"
"1977","aid_feedback.letter","711"
"1978","aid_feedback.social_media","711"
"1979","aid_feedback.suggestion_box","711"
"1980","aid_feedback.other","711"
"1981","aid_feedback_other","711"
"1982","community_decision_making","711"
"1983","complaint_mechanisms","711"
"1984","info_specific_needs","711"
"1985","info_specific_needs_who","711"
"1986","info_specific_needs_who_other","711"
"1987","X__version__","711"
"1988","X_id","711"
"1989","X_uuid","711"
"1990","X_submission_time","711"
"1991","X_index","711"
"1992","district","711"
"1993","strata","711"
"1994","g68","711"
"1995","g51","711"
"1996","g51_sub","711"
"1997","g54","711"
"1998","g63","711"
"1999","g51_alt","711"
"2000","a8","711"
"2001","a9_male","711"
"2002","a9_female","711"
"2003","a10_child","711"
"2004","a10_adult","711"
"2005","a10_elderly","711"
"2006","a12","711"
"2007","g35","711"
"2008","c3","711"
"2009","c9","711"
"2010","g4","711"
"2011","g6","711"
"2012","a13","711"
"2013","g44","711"
"2014","g7_i","711"
"2015","g7_ii","711"
"2016","g7_iii","711"
"2017","g7_iv","711"
"2018","g7_v","711"
"2019","g7_vi","711"
"2020","g7_vii","711"
"2021","g7_viii","711"
"2022","g7_ix","711"
"2023","g7_x","711"
"2024","g7_xi","711"
"2025","g7_xii","711"
"2026","g7a","711"
"2027","fcs","711"
"2028","fcs_score","711"
"2029","cs_score","711"
"2030","cs_group","711"
"2031","cari","711"
"2032","g14","711"
"2033","b5","711"
"2034","b6","711"
"2035","b7","711"
"2036","g25","711"
"2037","g26","711"
"2038","g32","711"
"2039","g56","711"
"2040","g57","711"
"2041","g34_i","711"
"2042","g34_ii","711"
"2043","g34_iii","711"
"2044","g34_iv","711"
"2045","g34_v","711"
"2046","g34_vi","711"
"2047","g34_vii","711"
"2048","g34_viii","711"
"2049","g34_ix","711"
"2050","g34_x","711"
"2051","g34_xi","711"
"2052","g95","711"
"2053","g96","711"
"2054","g97","711"
"2055","g99","711"
"2056","a16","711"
"2057","a17","711"
"2058","g64","711"
"2059","g90_i","711"
"2060","g90_ii","711"
"2061","g90_iii","711"
"2062","g90_iv","711"
"2063","g90_v","711"
"2064","g90_vi","711"
"2065","g90_vii","711"
"2066","g90_viii","711"
"2067","g90_ix","711"
"2068","g90_x","711"
"2069","g90_xi","711"
"2070","g90_xii","711"
"2071","g90_xiii","711"
"2072","g90_xiv","711"
"2073","g90_xv","711"
"2074","g90_xvi","711"
"2075","g90_xvii","711"
"2076","g90_xviii","711"
"2077","g90_xix","711"
"2078","g90_xx","711"
"2079","g90_xxi","711"
"2080","g90_xxii","711"
"2081","r85","711"
"2082","g8","711"
"2083","b1","711"
"2084","b2","711"
"2085","g46","711"
"2086","g37","711"
"2087","g38","711"
"2088","g41","711"
"2089","f5","711"
"2090","f6","711"
"2091","f9","711"
"2092","f10","711"
"2093","d1_i","711"
"2094","d1_ii","711"
"2095","d1_iii","711"
"2096","d1_iv","711"
"2097","d1_v","711"
"2098","d1_vi","711"
"2099","d1_vii","711"
"2100","d1_viii","711"
"2101","d1_ix","711"
"2102","d1_x","711"
"2103","d1_xi","711"
"2104","d1_xii","711"
"2105","d1_xiii","711"
"2106","d3_i","711"
"2107","d3_ii","711"
"2108","d3_iii","711"
"2109","d3_iv","711"
"2110","d3_v","711"
"2111","d3_vi","711"
"2112","d3_vii","711"
"2113","d3_viii","711"
"2114","d3_ix","711"
"2115","d3_x","711"
"2116","d3_xi","711"
"2117","d3_xii","711"
"2118","d3_xiii","711"
"2119","d3_xiv","711"
"2120","d3_xv","711"
"2121","d4","711"
"2122","d13_i","711"
"2123","d13_ii","711"
"2124","d13_iii","711"
"2125","d13_iv","711"
"2126","d13_v","711"
"2127","d13_vi","711"
"2128","d13_vii","711"
"2129","d13_viii","711"
"2130","d13_ix","711"
"2131","d11","711"
"2132","d14_i","711"
"2133","d14_ii","711"
"2134","d14_iii","711"
"2135","d14_iv","711"
"2136","d14_v","711"
"2137","d14_vi","711"
"2138","d14_vii","711"
"2139","d14_viii","711"
"2140","d14_ix","711"
"2141","c3_ad1","711"
"2142","g56_ad1","711"
"2143","g51_ad1","711"
"2144","g51_ad2","711"
"2145","g51_ad3","711"
"2146","cluster_id","711"
"2147","weights","711"
"2148","employment_primary_barriers.increased_competition","842"
"2149","employment_primary_barriers.jobs_far","842"
"2150","employment_primary_barriers.only_low_available","842"
"2151","employment_primary_barriers.underqualified_for_jobs","842"
"2152","employment_primary_barriers.lack_of_connections","842"
"2153","employment_primary_barriers.none","842"
"2154","employment_primary_barriers.other","842"
"2155","g45_i","842"
"2156","g45_ii","842"
"2157","g45_iii","842"
"2158","g45_iv","842"
"2159","g45_v","842"
"2160","g45_vi","842"
"2161","aid_type.cash","848"
"2162","aid_type.food","848"
"2163","aid_type.water","848"
"2164","aid_type.fuel","848"
"2165","aid_type.shelter","848"
"2166","aid_type.seasonal_items","848"
"2167","aid_type.healthcare","848"
"2168","aid_type.other_nfi","848"
"2169","aid_type.education","848"
"2170","aid_type.protection","848"
"2171","f7b","848"
"2172","d5_i","848"
"2173","d5_ii","848"
"2174","d5_iii","848"
"2175","d5_iv","848"
"2176","d5_v","848"
"2177","d5_vi","848"
"2178","d5_vii","848"
"2179","d5_viii","848"
"2180","d5_ix","848"
"2181","d5_x","848"
"2182","d6","848"
"2183","d12","848"
"2184","reasons_not_attend.school_closed","849"
"2185","reasons_not_attend.not_safe","849"
"2186","reasons_not_attend.cannot_afford","849"
"2187","reasons_not_attend.impossible_to_enrol","849"
"2188","reasons_not_attend.cannot_go_physically","849"
"2189","reasons_not_attend.overcrowded","849"
"2190","reasons_not_attend.lack_of_staff","849"
"2191","reasons_not_attend.poor_infrastructure","849"
"2192","reasons_not_attend.curriculum","849"
"2193","reasons_not_attend.children_working","849"
"2194","reasons_not_attend.parental_refusal","849"
"2195","reasons_not_attend.uninterested","849"
"2196","reasons_not_attend.other","849"
"2197","b3","85"
"2198","id_card_missing_amount","863"
"2199","g51b","863"
"2200","reason_to_return_to_aoo.security_stable","897"
"2201","reason_to_return_to_aoo.uxo","897"
"2202","reason_to_return_to_aoo.other_members_returned","897"
"2203","reason_to_return_to_aoo.livelihood_availability_there","897"
"2204","reason_to_return_to_aoo.lack_security_women","897"
"2205","reason_to_return_to_aoo.basic_services_availability","897"
"2206","reason_to_return_to_aoo.emotional_desire","897"
"2207","reason_to_return_to_aoo.secure_house_land","897"
"2208","reason_to_return_to_aoo.limited_livelihood_opportunities","897"
"2209","reason_to_return_to_aoo.limited_services","897"
"2210","reason_to_return_to_aoo.no_safe_in_area_of_displace","897"
"2211","reason_to_return_to_aoo.no_integrated_in_area_of_displace","897"
"2212","reason_to_return_to_aoo.facing_eviction","897"
"2213","reason_to_return_to_aoo.forced_security","897"
"2214","reason_to_return_to_aoo.fam_released","897"
"2215","inc_humaid","9"
"2216","f7","92"
"2217","a12_ad2","920"
"2218","a13_ad2","920"
"2219","g4_ad2","920"
"2220","inc_debt","926"
"2221","c3_ad2","99"
"2222","c3_ad3","99"
"2223","d10","992"
"2224","population_group","host"
"2225","population_group","idp"
"2226","population_group","returnee"
